Argentina,Battery,1,1
Argentina,Better Than You,1,1
Argentina,Cabeça Dinossauro,1,1
Argentina,Canário Do Reino,1,1
Argentina,Chemical Wedding,1,1
Argentina,Comida,1,1
Argentina,Compadre,1,1
Argentina,Deuce,1,1
Argentina,Disposable Heroes,1,1
Argentina,Dujji,1,1
Argentina,Entrando Na Sua (Intro),1,1
Argentina,Esperando Na Janela,1,1
Argentina,Everlong,1,1
Argentina,Falamansa Song,1,1
Argentina,Friend Of A Friend,1,1
Argentina,Fuel,1,1
Argentina,How High The Moon,1,1
Argentina,It Was A Very Good Year,1,1
Argentina,It's So Easy,1,1
Argentina,Love Gun,1,1
Argentina,Mama Said,1,1
Argentina,Marvin,1,1
Argentina,Medo De Escuro,1,1
Argentina,Monkey Wrench,1,1
Argentina,Não Quero Dinheiro,1,1
Argentina,New Love,1,1
Argentina,Opus No.1,1,1
Argentina,Out Ta Get Me,1,1
Argentina,Polícia (Vinheta),1,1
Argentina,Sua Impossivel Chance,1,1
Argentina,Surprise! You're Dead!,1,1
Argentina,Take This Bottle,1,1
Argentina,The Last Song,1,1
Argentina,Times Like These,1,1
Argentina,Wake Me Up When September Ends,1,1
Argentina,What Now My Love,1,1
Argentina,Whatsername,1,1
Argentina,Where The Wild Things Are,1,1
Australia,Walking On The Water,1,1
Australia,Walking Into Clarksdale,1,1
Australia,Two Hearts Beat As One,1,1
Australia,The Trooper,1,1
Australia,The Unforgettable Fire,1,1
Australia,The Aftermath,1,1
Australia,The Assassin,1,1
Australia,The Evil That Men Do,1,1
Australia,"Suzie-Q, Pt. 2",1,1
Australia,Sunday Bloody Sunday,1,1
Australia,Sure Know Something,1,1
Australia,Powerslave,1,1
Australia,Numb,1,1
Australia,Purgatory,1,1
Australia,Relvelation (Mother Earth),1,1
Australia,Saudosa Maloca,1,1
Australia,Sons Of Freedom,1,1
Australia,Me Deixas Louca,1,1
Australia,Little Guitars,1,1
Australia,Iron Maiden,1,1
Australia,Here I Am (Come And Take Me),1,1
Australia,Hallowed Be Thy Name,1,1
Australia,Fortunes Of War,1,1
Australia,Fear Of The Dark,1,1
Australia,Dream Of Mirrors,1,1
Australia,Dirty Day,1,1
Australia,Die With Your Boots On,1,1
Australia,Dance Of Death,1,1
Australia,Dee,1,1
Australia,Children Of The Grave,1,1
Australia,C'est La Vie,1,1
Australia,Cathedral,1,1
Australia,Blood On The World's Hands,1,1
Australia,Blue Train,1,1
Australia,Bring Your Daughter... To The Slaughter,1,1
Australia,09 - Iron Maiden,1,1
Australia,2 A.M.,1,1
Australia,Afraid To Shoot Strangers,1,1
Austria,"Abraham, Martin And John",1,1
Austria,2 Minutes To Midnight,1,1
Austria,5.15,1,1
Austria,All Along The Watchtower,1,1
Austria,Brighter Than a Thousand Suns,1,1
Austria,Born to Run,1,1
Austria,Deep Waters,1,1
Austria,Dave,1,1
Austria,Fire + Water,1,1
Austria,Everlasting Love,1,1
Austria,God Part II,1,1
Austria,Homecoming,1,1
Austria,I Heard Love Is Blind,1,1
Austria,Just Friends,1,1
Austria,Love Is Blindness,1,1
Austria,Lord of Light,1,1
Austria,Miami,1,1
Austria,Soldier Side - Intro,1,1
Austria,Squeeze Box,1,1
Austria,Solitary,1,1
Austria,Shotgun Blues,1,1
Austria,Rehab (Hot Chip Remix),1,1
Austria,Reggae Odoyá,1,1
Austria,Revenga,1,1
Austria,Protesto Do Olodum (Ao Vivo),1,1
Austria,"Peer Gynt Suite No.1, Op.46: 1. Morning Mood",1,1
Austria,Original Of The Species,1,1
Austria,One,1,1
Austria,"Symphony No. 41 in C Major, K. 551, ""Jupiter"": IV. Molto allegro",1,1
Austria,Transylvania,1,1
Austria,Thinking 'Bout Tomorrow,1,1
Austria,Wake Up Alone,1,1
Austria,Vertigo,1,1
Austria,Wasting Love,1,1
Austria,When I Look At The World,1,1
Austria,Won't Get Fooled Again (Full Length Version),1,1
Austria,You Better You Bet,1,1
Austria,You Could Be Mine,1,1
Belgium,You Got Me Rocking,1,1
Belgium,Woodpecker From Mars,1,1
Belgium,You Sure Love To Ball,1,1
Belgium,What A Day,1,1
Belgium,Under My Thumb,1,1
Belgium,Undertow,1,1
Belgium,Time Is On My Side,1,1
Belgium,Sweet Soul Sister,1,1
Belgium,Suck On The Jugular,1,1
Belgium,Stripsearch,1,1
Belgium,Overdose,1,1
Belgium,Rhinocerous,1,1
Belgium,Saint Of Me,1,1
Belgium,Sister Awake,1,1
Belgium,She Loves Me Not,1,1
Belgium,Save The Children,1,1
Belgium,Master Of Puppets,1,1
Belgium,Love In An Elevator,1,1
Belgium,Love Removal Machine,1,1
Belgium,Let's See Action,1,1
Belgium,Life Line,1,1
Belgium,Kindergarten,1,1
Belgium,Leave,1,1
Belgium,Janie's Got A Gun,1,1
Belgium,I Looked At You,1,1
Belgium,Falling To Pieces,1,1
Belgium,"De Do Do Do, De Da Da Da",1,1
Belgium,Cuckoo For Caca,1,1
Belgium,Deuces Are Wild,1,1
Belgium,Disarm,1,1
Belgium,Dog Eat Dog,1,1
Belgium,Easy,1,1
Belgium,Cherub Rock,1,1
Belgium,Caffeine,1,1
Belgium,Boris The Spider,1,1
Belgium,Bullet With Butterfly Wings,1,1
Belgium,Babylon,1,1
Belgium,Angel,1,1
Brazil,Untitled,2,1
Brazil,Vai Passar,1,2
Brazil,Vai Valer,1,2
Brazil,Um Satélite Na Cabeça,1,2
Brazil,Vamo Batê Lata,1,2
Brazil,Vavoom : Ted The Mechanic,1,2
Brazil,Voce Nao Entende Nada - Cotidiano,1,2
Brazil,Wanted Dread And Alive,1,2
Brazil,Why Go,1,2
Brazil,Your Blue Room,1,2
Brazil,You're My Best Friend,1,2
Brazil,You've Been A Long Time Coming,1,2
Brazil,X-9 2001,1,2
Brazil,Strutter,1,2
Brazil,"String Quartet No. 12 in C Minor, D. 703 ""Quartettsatz"": II. Andante - Allegro assai",1,2
Brazil,"Suite No. 3 in D, BWV 1068: III. Gavotte I & II",1,2
Brazil,Stir It Up (Live),1,2
Brazil,Sweetest Thing,1,2
Brazil,"Symphony No. 2, Op. 16 -  ""The Four Temperaments"": II. Allegro Comodo e Flemmatico",1,2
Brazil,The Day I Tried To Live,1,2
Brazil,Take the Celestra,1,2
Brazil,Title Song,1,2
Brazil,Top Top,1,2
Brazil,TriboTchan,1,2
Brazil,Think About You,1,2
Brazil,The Unwritten Law,1,2
Brazil,The Unforgiven II,1,2
Brazil,The Great Gig In The Sky,1,2
Brazil,The Memory Remains,1,2
Brazil,Scentless Apprentice,1,2
Brazil,Selvagem,1,2
Brazil,Será,1,2
Brazil,Será Que Vai Chover?,1,2
Brazil,Sereia,1,2
Brazil,Seven Seas Of Rhye,1,2
Brazil,Shakes and Ladders,1,2
Brazil,Sincero Breu,1,2
Brazil,Shout It Out Loud,1,2
Brazil,"So Fast, So Numb",1,2
Brazil,Slither,1,2
Brazil,Snowballed,1,2
Brazil,Stand Inside Your Love,1,2
Brazil,Sometimes Salvation,1,2
Brazil,Soul Singing,1,2
Brazil,Samba Do Lado,1,2
Brazil,Sanctuary,1,2
Brazil,Saudade Dos Aviões Da Panair (Conversando No Bar),1,2
Brazil,Rock And Roll Is Dead,1,2
Brazil,Rocket Queen,1,2
Brazil,Saber Amar,1,2
Brazil,Right Next Door to Hell,1,2
Brazil,Revolta Olodum,1,2
Brazil,Rios Pontes & Overdrives,1,2
Brazil,Reggae Tchan,1,2
Brazil,Redundant,1,2
Brazil,Refavela (Live),1,2
Brazil,Red Light,1,2
Brazil,Pais E Filhos,1,2
Brazil,Paranoid,1,2
Brazil,Oceans,1,2
Brazil,On A Plain,1,2
Brazil,Pick Myself Up,1,2
Brazil,Ponto De Interrogação,1,2
Brazil,Plot 180,1,2
Brazil,Podes Crer,1,2
Brazil,Praise,1,2
Brazil,Powerslave,1,2
Brazil,Nossa Gente (Avisa Là),1,2
Brazil,Nosso Adeus,1,2
Brazil,O Descobridor Dos Sete Mares,1,2
Brazil,O Leaozinho,1,2
Brazil,O Que Me Importa,1,2
Brazil,Não Vou Ficar,1,2
Brazil,Nega Do Cabelo Duro,1,2
Brazil,No No No,1,2
Brazil,No Quarter,1,2
Brazil,Mundaréu,1,2
Brazil,"Music for the Funeral of Queen Mary: VI. ""Thou Knowest, Lord, the Secrets of Our Hearts""",1,2
Brazil,Morena De Angola,1,2
Brazil,Most High,1,2
Brazil,Midnight From The Inside Out,1,2
Brazil,Mis Penas Lloraba Yo (Ao Vivo) Soy Gitano (Tangos),1,2
Brazil,Amor De Muito,1,2
Brazil,Aloha,1,2
Brazil,All Along The Watchtower,1,2
Brazil,All I Want Is You,1,2
Brazil,Animal,1,2
Brazil,Any Colour You Like,1,2
Brazil,Aos Leões,1,2
Brazil,A Cura,1,2
Brazil,A Cor Do Sol,1,2
Brazil,2 Minutes To Midnight,1,2
Brazil,1/2 Full,1,2
Brazil,"Abraham, Martin And John",1,2
Brazil,Aces High,1,2
Brazil,A Menina Dança,1,2
Brazil,Água de Beber,1,2
Brazil,Admirável Gado Novo,1,2
Brazil,Babyface,1,2
Brazil,Back off Bitch,1,2
Brazil,Bad Seed,1,2
Brazil,Banditismo Por Uma Questa,1,2
Brazil,Bad,1,2
Brazil,Big Wave,1,2
Brazil,Binky The Doormat,1,2
Brazil,Be Good Johnny,1,2
Brazil,Be Mine,1,2
Brazil,Bora-Bora,1,2
Brazil,Bossa,1,2
Brazil,Bittersweet Me,1,2
Brazil,Black,1,2
Brazil,Black Light Syndrome,1,2
Brazil,Burden In My Hand,1,2
Brazil,Calling Dr. Love,1,2
Brazil,Child In Time,1,2
Brazil,Cérebro Eletrônico,1,2
Brazil,Caso Você Queira Saber,1,2
Brazil,Carolina Hard-Core Ecstasy,1,2
Brazil,Casa,1,2
Brazil,Cinema Mudo,1,2
Brazil,Cold Gin,1,2
Brazil,Communication Breakdown(2),1,2
Brazil,Coma,1,2
Brazil,Cristina Nº 2,1,2
Brazil,Cropduster,1,2
Brazil,Cry For Love,1,2
Brazil,Dust N' Bones,1,2
Brazil,D'Yer Mak'er,1,2
Brazil,Duelists,1,2
Brazil,Electrolite,1,2
Brazil,Don't Look Back,1,2
Brazil,Drifter,1,2
Brazil,Don't Cry (Original),1,2
Brazil,Doutor,1,2
Brazil,Down by the Sea,1,2
Brazil,Down Under,1,2
Brazil,Dissident,1,2
Brazil,Demorou!,1,2
Brazil,Damage Inc.,1,2
Brazil,Dance,1,2
Brazil,Fantasia On Greensleeves,1,2
Brazil,Fast As a Shark,1,2
Brazil,Eu Amo Você,1,2
Brazil,Everything I Need,1,2
Brazil,Experiment In Terra,1,2
Brazil,Eye,1,2
Brazil,Flower,1,2
Brazil,Flying High Again,1,2
Brazil,Fool In The Rain,1,2
Brazil,Garden of Eden,1,2
Brazil,"Get Down, Make Love",1,2
Brazil,Get Up,1,2
Brazil,I Feel Good (I Got You) - Sossego,1,2
Brazil,I Belong To You,1,2
Brazil,Home Sweet Home,1,2
Brazil,Green Disease,1,2
Brazil,Grito De Alerta,1,2
Brazil,Girl From A Pawnshop,1,2
Brazil,Go Down,1,2
Brazil,Heart Of Lothian: Wide Boy / Curtain Call,1,2
Brazil,Hell Ain't A Bad Place To Be,1,2
Brazil,Help Yourself,1,2
Brazil,It's a Mistake,1,2
Brazil,Into The Light,1,2
Brazil,Intro,1,2
Brazil,Ipiranga 2001,1,2
Brazil,Is This Love (Live),1,2
Brazil,In Bloom,1,2
Brazil,In The Evening,1,2
Brazil,Interlude Zumbi,1,2
Brazil,Leash,1,2
Brazil,Leper Messiah,1,2
Brazil,Lay Down Sally,1,2
Brazil,Knocking At Your Back Door,1,2
Brazil,"Karelia Suite, Op.11: 2. Ballade (Tempo Di Menuetto)",1,2
Brazil,Jesus Christ Pose,1,2
Brazil,Like A Song...,1,2
Brazil,Lindo Lago Do Amor,1,2
Brazil,Linha Do Equador,1,2
Brazil,Live and Let Die,1,2
Brazil,Lixo Do Mangue,1,2
Brazil,Losfer Words,1,2
Brazil,Mateus Enter,1,2
Brazil,Maracatu De Tiro Certeiro,1,2
Brazil,"Mama, I'm Coming Home",1,2
Brazil,Meu Caro Amigo,1,2
Brazil,Meu Erro,1,2
Brazil,Mensagen De Amor (2000),1,2
Brazil,Maybe I'm A Leo,1,2
Canada,Good Golly Miss Molly,2,1
Canada,Brasil,2,1
Canada,Plaster Caster,2,1
Canada,Onde Você Mora?,2,1
Canada,Turbo Lover,2,1
Canada,Três Lados,1,6
Canada,Trampled Under Foot,1,6
Canada,Tudo Bem,1,6
Canada,Tomorrow's Dream,1,6
Canada,"Trash, Trampoline And The Party Girl",1,6
Canada,Todo Amor Que Houver Nesta Vida,1,6
Canada,Todo o Carnaval tem seu Fim,1,6
Canada,The Wind Cries Mary,1,6
Canada,The Zoo,1,6
Canada,"Through the Looking Glass, Pt. 1",1,6
Canada,Tightrope,1,6
Canada,Time,1,6
Canada,The Number Of The Beast,1,6
Canada,The Struggle Within,1,6
Canada,The Playboy Mansion,1,6
Canada,The Small Hours,1,6
Canada,Tarde Em Itapoã,1,6
Canada,Talk About The Passion,1,6
Canada,Tendo A Lua,1,6
Canada,Territorial Pissings,1,6
Canada,The Beginning of the End,1,6
Canada,The Beginning...At Last,1,6
Canada,The Call Of Ktulu,1,6
Canada,The Duke,1,6
Canada,The Finest Worksong,1,6
Canada,The Frayed Ends Of Sanity,1,6
Canada,Take It Or Leave It,1,6
Canada,"Symphonie Fantastique, Op. 14: V. Songe d'une nuit du sabbat",1,6
Canada,Sure Know Something,1,6
Canada,Surrender,1,6
Canada,Stone Cold Crazy,1,6
Canada,Spread Your Wings,1,6
Canada,Staring At The Sun,1,6
Canada,Stars,1,6
Canada,"Stay (Faraway, So Close!)",1,6
Canada,Stone Free,1,6
Canada,Wrathchild,1,6
Canada,Wonderful Tonight,1,6
Canada,Woman Of The World (Ao Vivo),1,6
Canada,You Learn,1,6
Canada,You Are The Everything,1,6
Canada,You're My Best Friend,1,6
Canada,Your Time Is Gonna Come,1,6
Canada,Wild Side,1,6
Canada,Who Needs You,1,6
Canada,White Feather,1,6
Canada,When I Come Around,1,6
Canada,Where Have All The Good Times Gone?,1,6
Canada,Wall Of Denial,1,6
Canada,Walter's Walk,1,6
Canada,We Will Rock You,1,6
Canada,Wear You To The Ball,1,6
Canada,Welcome Home (Sanitarium),1,6
Canada,"Wellington's Victory or the Battle Symphony, Op.91: 2. Symphony of Triumph",1,6
Canada,"Whatever It Is, I Just Can't Stop",1,6
Canada,What Is And What Should Never Be,1,6
Canada,What It Takes,1,6
Canada,Voce Inteira,1,6
Canada,Voodoo,1,6
Canada,Vida De Cachorro,1,6
Canada,Waiting,1,6
Canada,Walking Contradiction,1,6
Canada,Uma Brasileira,1,6
Canada,Um Passeio No Mundo Livre,1,6
Canada,Tyrant (Live),1,6
Canada,Um Dia Qualquer,1,6
Canada,Onde Anda Você,1,6
Canada,One For The Road,1,6
Canada,Off He Goes,1,6
Canada,Óculos,1,6
Canada,Os Alquimistas Estão Chegando,1,6
Canada,Os Cegos Do Castelo,1,6
Canada,Parabolicamará,1,6
Canada,Overdose,1,6
Canada,Pini Di Roma (Pinien Von Rom) \ I Pini Della Via Appia,1,6
Canada,Pictures Of Lily,1,6
Canada,Pilot,1,6
Canada,Podres Poderes,1,6
Canada,Persuasion,1,6
Canada,Pela Internet (Live),1,6
Canada,Perfect Crime,1,6
Canada,Pot-Pourri N.º 4,1,6
Canada,Pot-Pourri N.º 5,1,6
Canada,Please Don't Touch,1,6
Canada,Por Causa De Você,1,6
Canada,Por Que Será,1,6
Canada,Primal Scream,1,6
Canada,Minority,1,6
Canada,Meu Mundo Fica Completo (Com Você),1,6
Canada,Meu Refrigerador Não Funciona,1,6
Canada,Moonchild,1,6
Canada,Navegar Impreciso,1,6
Canada,Nebulosa Do Amor,1,6
Canada,My Mistake,1,6
Canada,My Ship,1,6
Canada,My World,1,6
Canada,Naked In Front Of The Computer,1,6
Canada,O Que Vai Em Meu Coração,1,6
Canada,O Trem Da Juventude,1,6
Canada,O Xote Das Meninas,1,6
Canada,Not The Doctor,1,6
Canada,Nothing Else Matters,1,6
Canada,Norwegian Wood,1,6
Canada,O Amor Nao Sabe Esperar,1,6
Canada,Realword,1,6
Canada,Road Trippin',1,6
Canada,Rock & Roll,1,6
Canada,Right Through You,1,6
Canada,Ride The Lightning,1,6
Canada,Put Your Head Out,1,6
Canada,Prowler,1,6
Canada,Pseudo Silk Kimono,1,6
Canada,Quanta (Live),1,6
Canada,Queixa,1,6
Canada,Rappers Reais,1,6
Canada,Real Love,1,6
Canada,Saber Amar,1,6
Canada,Rusty Cage,1,6
Canada,Romeo et Juliette: No. 11 - Danse des Chevaliers,1,6
Canada,Satch Boogie,1,6
Canada,Sanctuary,1,6
Canada,Samba Em Prelúdio,1,6
Canada,Same Ol' Situation,1,6
Canada,Sampa,1,6
Canada,Salve Simpatia,1,6
Canada,Samba Da Volta,1,6
Canada,Soot & Stars,1,6
Canada,Song For Lorraine,1,6
Canada,Somebody To Love,1,6
Canada,Stairway To Heaven,1,6
Canada,Spellbound,1,6
Canada,Spank Thru,1,6
Canada,Smoke On The Water,1,6
Canada,Smoked Pork,1,6
Canada,Smells Like Teen Spirit,1,6
Canada,Socorro,1,6
Canada,Shout At The Devil,1,6
Canada,Shakes and Ladders,1,6
Canada,Severed Hand,1,6
Canada,Sem Sentido,1,6
Canada,Shock Me,1,6
Canada,Save Me,1,6
Canada,Set It Off,1,6
Canada,Selvagem,1,6
Canada,Seek And You Shall Find,1,6
Canada,"Say It Loud, I'm Black And I'm Proud Pt.1",1,6
Canada,Se...,1,6
Canada,Bullet With Butterfly Wings,1,6
Canada,Breed,1,6
Canada,Breadfan,1,6
Canada,Black Diamond,1,6
Canada,Blackened,1,6
Canada,Bleed The Freak,1,6
Canada,Bleed Together,1,6
Canada,Black Mountain Side,1,6
Canada,Blues For Pablo (Alternate Take),1,6
Canada,Blood Brothers,1,6
Canada,Been A Son,1,6
Canada,Beijo Partido,1,6
Canada,Beira Mar,1,6
Canada,Bicycle Race,1,6
Canada,Best Thing,1,6
Canada,Bad Obsession,1,6
Canada,Balanço,1,6
Canada,Balls to the Wall,1,6
Canada,Banditismo Por Uma Questa,1,6
Canada,A.N.D.R.O.T.A.Z.,1,6
Canada,A Moça e a Chuva,1,6
Canada,A Noite Do Meu Bem,1,6
Canada,Are You Gonna Be My Girl,1,6
Canada,Angela,1,6
Canada,As Dores do Mundo,1,6
Canada,All I Really Want,1,6
Canada,All My Love,1,6
Canada,Ali,1,6
Canada,Álibi,1,6
Canada,Alive,1,6
Canada,American Woman,1,6
Canada,Am I Evil?,1,6
Canada,Ando Meio Desligado,1,6
Canada,Dance Enquanto é Tempo,1,6
Canada,Cuyahoga,1,6
Canada,Da Lama Ao Caos,1,6
Canada,"Danny Boy, Danny Boy",1,6
Canada,Dancing Days,1,6
Canada,Crumbs From Your Table,1,6
Canada,Dazed And Confused,1,6
Canada,De Noite Na Cama,1,6
Canada,Dead And Bloated,1,6
Canada,Denúncia,1,6
Canada,Deuces Are Wild,1,6
Canada,"Diga Lá, Coração",1,6
Canada,Destitute Illusions,1,6
Canada,Dezesseis,1,6
Canada,Diamonds And Rust (Live),1,6
Canada,Do what cha wanna,1,6
Canada,Discotheque,1,6
Canada,Dirty Day,1,6
Canada,Drown Me Slowly,1,6
Canada,Don't Look Now,1,6
Canada,Do You Love Me,1,6
Canada,Endgame,1,6
Canada,Enquanto O Dia Não Vem,1,6
Canada,Equinocio,1,6
Canada,Ela Disse Adeus,1,6
Canada,Elderly Woman Behind The Counter In A Small Town,1,6
Canada,Criança De Domingo,1,6
Canada,Country Feedback,1,6
Canada,Crash Course In Brain Surgery,1,6
Canada,Computadores Fazem Arte,1,6
Canada,"Concerto for Cello and Orchestra in E minor, Op. 85: I. Adagio - Moderato",1,6
Canada,Confusion,1,6
Canada,Comportamento Geral,1,6
Canada,Comida,1,6
Canada,Communication Breakdown,1,6
Canada,Closer To The Heart,1,6
Canada,Cochise,1,6
Canada,Carouselambra,1,6
Canada,"Canta, Canta Mais",1,6
Canada,Canto De Ossanha,1,6
Canada,Chão de Giz (Elba Ramalho),1,6
Canada,C'est La Vie,1,6
Canada,Chemical Wedding,1,6
Canada,Chapa o Coco,1,6
Canada,Calling Dr. Love,1,6
Canada,Californication,1,6
Canada,Can I Play With Madness,1,6
Canada,Can't Get There From Here,1,6
Canada,Brumário,1,6
Canada,Busca Vida,1,6
Canada,Bush Doctor,1,6
Canada,Caleidoscópio,1,6
Canada,Cabeça Dinossauro,1,6
Canada,Get Right,1,6
Canada,Green Grow The Rushes,1,6
Canada,God Gave Rock 'n' Roll To You,1,6
Canada,Given To Fly,1,6
Canada,Go,1,6
Canada,Ghost Of The Navigator,1,6
Canada,Heavy Love Affair,1,6
Canada,Hallowed Be Thy Name,1,6
Canada,Happy Jack,1,6
Canada,Hip Hop Rio,1,6
Canada,Homem Primata (Vinheta),1,6
Canada,Honolulu,1,6
Canada,Hey Tonight,1,6
Canada,I Believe,1,6
Canada,I Can't Explain,1,6
Canada,How Many More Times,1,6
Canada,Hypnotize,1,6
Canada,I Don't Wanna Be Kissed (By Anyone But You),1,6
Canada,Funk de Bamba,1,6
Canada,Funky Piano,1,6
Canada,Folhas Secas,1,6
Canada,Flores,1,6
Canada,Flash,1,6
Canada,Freewheel Burning,1,6
Canada,Eye Of The Beholder,1,6
Canada,Extra,1,6
Canada,Every Time I Look At You,1,6
Canada,Esquinas,1,6
Canada,Fat Bottomed Girls,1,6
Canada,Filho Maravilha,1,6
Canada,Fall On Me,1,6
Canada,Me In Honey,1,6
Canada,Menestrel Das Alagoas,1,6
Canada,Menino De Rua,1,6
Canada,Mensagen De Amor (2000),1,6
Canada,Metal Meltdown,1,6
Canada,Manguetown,1,6
Canada,May This Be Love,1,6
Canada,Master Of Puppets,1,6
Canada,Love And Peace Or Else,1,6
Canada,Lords of Karma,1,6
Canada,Long Tall Sally,1,6
Canada,Luis Inacio (300 Picaretas),1,6
Canada,Life During Wartime,1,6
Canada,Little Linda,1,6
Canada,Light Years,1,6
Canada,Jailbait,1,6
Canada,Jungle Drums,1,6
Canada,La Bella Luna,1,6
Canada,Last Caress/Green Hell,1,6
Canada,Knockin On Heavens Door,1,6
Canada,Inside Job,1,6
Canada,Inject The Venom,1,6
Canada,I Would Do For You,1,6
Canada,I'm Gonna Crawl,1,6
Canada,I'm Real,1,6
Canada,Intro,1,6
Canada,Invisible Kid,1,6
Canada,It's Just A Thought,1,6
Canada,It's The End Of The World As We Know It (And I Feel Fine),1,6
Canada,Já Foi,1,6
Chile,Killing Floor,1,1
Chile,Mack The Knife,1,1
Chile,Madalena,1,1
Chile,Forty Days Instrumental,1,1
Chile,Fly Me To The Moon,1,1
Chile,Funk Hum,1,1
Chile,I Get A Kick Out Of You,1,1
Chile,I Do,1,1
Chile,Hero,1,1
Chile,Holiday,1,1
Chile,Homecoming / The Death Of St. Jimmy / East 12th St. / Nobody Likes You / Rock And Roll Girlfriend / We're Coming Home Again,1,1
Chile,Hot Dog,1,1
Chile,Good Golly Miss Molly,1,1
Chile,"Crossroads, Pt. 2",1,1
Chile,Aprendendo A Jogar,1,1
Chile,Aquele Abraço,1,1
Chile,A Novidade (Live),1,1
Chile,Better Halves,1,1
Chile,Badge,1,1
Chile,Black Dog,1,1
Chile,"Scheherazade, Op. 35: I. The Sea and Sindbad's Ship",1,1
Chile,See You,1,1
Chile,Realce,1,1
Chile,Re-Align,1,1
Chile,Misty Mountain Hop,1,1
Chile,Pau-De-Arara,1,1
Chile,Parasite,1,1
Chile,Walkabout,1,1
Chile,Wearing And Tearing,1,1
Chile,Wrote A Song For Everyone,1,1
Chile,Stir It Up (Live),1,1
Chile,Sunshine Of Your Love,1,1
Chile,The Fix,1,1
Chile,The Crunge,1,1
Chile,The Ocean,1,1
Chile,The Tower,1,1
Chile,The Glass Ballerina,1,1
Chile,The Woman King,1,1
Czech Republic,Stranger in a Strange Land,2,1
Czech Republic,Take It Or Leave It,1,2
Czech Republic,Surrender,1,2
Czech Republic,Still Of The Night,1,2
Czech Republic,The Clairvoyant,1,2
Czech Republic,The Angel And The Gambler,1,2
Czech Republic,The Fix,1,2
Czech Republic,"Texto ""Verdade Tropical""",1,2
Czech Republic,The Woman King,1,2
Czech Republic,The Wake-Up Bomb,1,2
Czech Republic,The Hard Part,1,2
Czech Republic,The Star Spangled Banner,1,2
Czech Republic,The Seeker,1,2
Czech Republic,The Moth,1,2
Czech Republic,Winterlong,1,2
Czech Republic,You're Gonna Break My Hart Again,1,2
Czech Republic,Whatever Gets You Thru the Night,1,2
Czech Republic,"Whatever It Is, I Just Can't Stop",1,2
Czech Republic,Were Do We Go From Here,1,2
Czech Republic,Wet My Bed,1,2
Czech Republic,When You Gonna Learn (Digeridoo),1,2
Czech Republic,When I Come Around,1,2
Czech Republic,When Evening Falls,1,2
Czech Republic,Walkabout,1,2
Czech Republic,Vida Boa,1,2
Czech Republic,Unchained,1,2
Czech Republic,Untitled,1,2
Czech Republic,Par Avion,1,2
Czech Republic,Outlaws,1,2
Czech Republic,One Giant Leap,1,2
Czech Republic,Poprocks And Coke,1,2
Czech Republic,Prenda Minha,1,2
Czech Republic,Moonchild,1,2
Czech Republic,Morning Glory,1,2
Czech Republic,My Time After Awhile,1,2
Czech Republic,New Year's Day,1,2
Czech Republic,Revolta Olodum,1,2
Czech Republic,Samba Pra Endrigo,1,2
Czech Republic,Sign Of The Cross,1,2
Czech Republic,So Cruel,1,2
Czech Republic,Slither,1,2
Czech Republic,Black Capricorn Day,1,2
Czech Republic,Blissed & Gone,1,2
Czech Republic,Brain Stew,1,2
Czech Republic,Atomic Punk,1,2
Czech Republic,#9 Dream,1,2
Czech Republic,All I Want Is You,1,2
Czech Republic,Crackerman,1,2
Czech Republic,Coração Em Desalinho,1,2
Czech Republic,Como Estais Amigos,1,2
Czech Republic,Collaborators,1,2
Czech Republic,Can You See Me,1,2
Czech Republic,Camarão que Dorme e Onda Leva,1,2
Czech Republic,Carolina,1,2
Czech Republic,Email Surveillance,1,2
Czech Republic,Dirty Water Dog,1,2
Czech Republic,Do It For The Kids,1,2
Czech Republic,Deus Ex Machina,1,2
Czech Republic,De La Luz,1,2
Czech Republic,Gimme Some Truth,1,2
Czech Republic,Give Peace a Chance,1,2
Czech Republic,Heartland,1,2
Czech Republic,Hot Girl,1,2
Czech Republic,Humans Being,1,2
Czech Republic,How The West Was Won And Where It Got Us,1,2
Czech Republic,Gangland,1,2
Czech Republic,Get What You Need,1,2
Czech Republic,Fear Of The Dark,1,2
Czech Republic,Magic Bus,1,2
Czech Republic,"Man of Science, Man of Faith (Premiere)",1,2
Czech Republic,Light Years,1,2
Czech Republic,Linha Do Equador,1,2
Czech Republic,"Live Together, Die Alone, Pt. 1",1,2
Czech Republic,Judgement Of Heaven,1,2
Czech Republic,Insensível,1,2
Denmark,I Like Dirt,1,1
Denmark,Jealous Guy,1,1
Denmark,Lucky 13,1,1
Denmark,Lost in Hollywood,1,1
Denmark,Manguetown,1,1
Denmark,Eu Sou Neguinha (Ao Vivo),1,1
Denmark,Fly By Night,1,1
Denmark,Freewill,1,1
Denmark,For Your Babies,1,1
Denmark,I Could Die For You,1,1
Denmark,Gimme Some Truth,1,1
Denmark,Dancing Days,1,1
Denmark,Drown,1,1
Denmark,Caçador de Mim (Sá & Guarabyra),1,1
Denmark,Commotion,1,1
Denmark,Around The World,1,1
Denmark,Beautiful Boy,1,1
Denmark,Sir Psycho Sexy,1,1
Denmark,Santana Jam,1,1
Denmark,Sad Statue,1,1
Denmark,Run Through The Jungle,1,1
Denmark,Radio/Video,1,1
Denmark,Never Say Die,1,1
Denmark,Muçulmano,1,1
Denmark,Molina,1,1
Denmark,Violent Pornography,1,1
Denmark,Waiting,1,1
Denmark,Vulcão Dub - Fui Eu,1,1
Denmark,Welcome Home (Sanitarium),1,1
Denmark,War Pigs,1,1
Denmark,Zé Trindade,1,1
Denmark,The Right Thing,1,1
Denmark,The Thing That Should Not Be,1,1
Denmark,The Midnight Special,1,1
Denmark,Tombstone Shadow,1,1
Denmark,Sweet Hitch-Hiker,1,1
Denmark,Susie Q,1,1
Denmark,Sympton of the Universe,1,1
Finland,Eruption,2,1
Finland,Dreams,1,2
Finland,Dazed And Confused,1,2
Finland,Believe,1,2
Finland,Beth,1,2
Finland,Are You Gonna Go My Way,1,2
Finland,A Bencao E Outros,1,2
Finland,Goin' Blind,1,2
Finland,Heliopolis,1,2
Finland,Hard Luck Woman,1,2
Finland,Higher Ground,1,2
Finland,Feirinha da Pavuna/Luz do Repente/Bagaço da Laranja,1,2
Finland,Fall To Pieces,1,2
Finland,Meninos E Meninas,1,2
Finland,Looking For Love,1,2
Finland,It Doesn't Matter,1,2
Finland,I Was Made For Loving You,1,2
Finland,L'Avventura,1,2
Finland,Sweet Lady Luck,1,2
Finland,Tempo Perdido,1,2
Finland,"The Living Legend, Pt. 1",1,2
Finland,The Lost Warrior,1,2
Finland,The Magnificent Warriors,1,2
Finland,"The Gun On Ice Planet Zero, Pt. 1",1,2
Finland,The Show Must Go On,1,2
Finland,Year to the Day,1,2
Finland,We Are The Champions,1,2
Finland,Waiting On A Sign,1,2
Finland,Um Homem Chamado Alfredo,1,2
Finland,Mr. Cab Driver,1,2
Finland,Plaster Caster,1,2
Finland,On Fire,1,2
Finland,Paint It Black,1,2
Finland,Quando Você Voltar,1,2
Finland,Samba pras moças,1,2
Finland,Secrets,1,2
Finland,Soul Parsifal,1,2
France,"Spanish moss-""A sound portrait""-Spanish moss",1,1
France,St. Jimmy,1,1
France,Sonata for Solo Violin: IV: Presto,1,1
France,Sound of a Gun,1,1
France,Slave,1,1
France,Smoke On The Water,1,1
France,Snowblind,1,1
France,Só Tinha De Ser Com Você,1,1
France,Sea Of Sorrow,1,1
France,Seis Da Tarde,1,1
France,Sing Joyfully,1,1
France,Since I've Been Loving You,1,1
France,Showcase,1,1
France,Shoot Me Again,1,1
France,Shining In The Light,1,1
France,Sam With The Showing Scalp Flat Top,1,1
France,Samba da Bençaco,1,1
France,Salutations,1,1
France,'Round Midnight,1,1
France,Ramble On,1,1
France,Put Your Lights On,1,1
France,Right On Time,1,1
France,Rita Lee,1,1
France,Release,1,1
France,Real Thing,1,1
France,Over The Hills And Far Away,1,1
France,"Partita in E Major, BWV 1006A: I. Prelude",1,1
France,"Past, Present, and Future",1,1
France,Parallel Universe,1,1
France,One Step Closer,1,1
France,Only A Dream In Rio,1,1
France,Pela Luz dos Olhos Teus (Miúcha e Tom Jobim),1,1
France,Prá Dizer Adeus,1,1
France,Porcelain,1,1
France,Primavera,1,1
France,"Prometheus Overture, Op. 43",1,1
France,Prince Charming,1,1
France,"Music for the Funeral of Queen Mary: VI. ""Thou Knowest, Lord, the Secrets of Our Hearts""",1,1
France,Mr. Brownstone,1,1
France,My Love,1,1
France,N.I.B.,1,1
France,Na Frente Da TV,1,1
France,Morro Da Casa Verde 2001,1,1
France,Morena De Angola,1,1
France,Moth,1,1
France,Miss Sarajevo,1,1
France,MFC,1,1
France,Night Time Is The Right Time,1,1
France,Ugly In The Morning,1,1
France,Undertow,1,1
France,Under The Bridge,1,1
France,Under The Sun/Every Day Comes and Goes,1,1
France,União Da Ilha,1,1
France,United Colours,1,1
France,Voodoo,1,1
France,Welcome to the Jungle,1,1
France,What A Day,1,1
France,Whiskey In The Jar,1,1
France,Whole Lotta Love,1,1
France,Xanadu,1,1
France,Who'll Stop The Rain,1,1
France,Women In Uniform,1,1
France,Yahweh,1,1
France,Yesterday To Tomorrow,1,1
France,Your Time Is Gonna Come,1,1
France,The River (Remix),1,1
France,The Outlaw Torn,1,1
France,The Pan Piper,1,1
France,The Unforgiven II,1,1
France,The Unforgiven,1,1
France,The Gentle Art Of Making Enemies,1,1
France,The Last Remaining Light,1,1
France,The Midnight Special,1,1
France,The Number Of The Beast,1,1
France,Travelling Riverside Blues,1,1
France,Trocando Em Miúdos,1,1
France,Theme From The Swan,1,1
France,"There's No Place Like Home, Pt. 3",1,1
France,The Unbeliever,1,1
France,The Zephyr Song,1,1
France,To Live Is To Die,1,1
France,Through a Looking Glass,1,1
France,They're Red Hot,1,1
France,Tear,1,1
France,"Tapa Aqui, Descobre Ali",1,1
France,The Begining... At Last,1,1
France,Sweet Hitch-Hiker,1,1
France,Starburst,1,1
France,"Suite No. 3 in D, BWV 1068: III. Gavotte I & II",1,1
France,"Suite for Solo Cello No. 1 in G Major, BWV 1007: I. Prélude",1,1
France,Suck My Kiss,1,1
France,Leper Messiah,1,1
France,Lemon Drop,1,1
France,Layla,1,1
France,Judgement Of Heaven,1,1
France,Jesus Of Suburbia / City Of The Damned / I Don't Care / Dearly Beloved / Tales Of Another Broken Home,1,1
France,Ji Yeon,1,1
France,KKK Bitch,1,1
France,I'm Gonna Crawl,1,1
France,I'm Going Slightly Mad,1,1
France,Instinto Colectivo,1,1
France,Innuendo,1,1
France,In The Evening,1,1
France,Iron Man,1,1
France,Jean Pierre (Live),1,1
France,It's A Hard Life,1,1
France,Long As I Can See The Light,1,1
France,"Lost Planet of the Gods, Pt. 1",1,1
France,Low,1,1
France,Love Comes,1,1
France,Lodi,1,1
France,Like a Stone,1,1
France,Letterbomb,1,1
France,Menino Do Rio,1,1
France,Meu Caro Amigo,1,1
France,Manuel,1,1
France,Maria Fumaça,1,1
France,Man On The Edge,1,1
France,Família,1,1
France,Falando De Amor,1,1
France,Fortunate Son,1,1
France,Four Sticks,1,1
France,Four Walled World,1,1
France,Frantic,1,1
France,For Whom The Bell Tolls,1,1
France,Gavioes 2001,1,1
France,Gangland,1,1
France,From Out Of Nowhere,1,1
France,I Am,1,1
France,How to Stop an Exploding Man,1,1
France,I Believe,1,1
France,Hats Off To (Roy) Harper,1,1
France,Hairshirt,1,1
France,Heaven Coming Down,1,1
France,Headlong,1,1
France,Heart In Your Hand,1,1
France,Green River,1,1
France,Gota D'água,1,1
France,Go Back,1,1
France,A Banda,1,1
France,A Man And A Woman,1,1
France,(Wish I Could) Hideaway,1,1
France,...And Justice For All,1,1
France,A Small Victory,1,1
France,A Statistic,1,1
France,A Sua,1,1
France,Adios nonino,1,1
France,Acelerou,1,1
France,"Act IV, Symphony",1,1
France,Armadura,1,1
France,As Aparências Enganam,1,1
France,As Rosas Não Falam (Beth Carvalho),1,1
France,All For You,1,1
France,All Because Of You,1,1
France,Ando Meio Desligado,1,1
France,Amor Demais,1,1
France,"Alô, Alô, Marciano",1,1
France,Binky The Doormat,1,1
France,Beija-Flor,1,1
France,"Battlestar Galactica, Pt. 2",1,1
France,Bê-a-Bá,1,1
France,Atrás da Porta,1,1
France,Bowels Of The Devil,1,1
France,Billie Jean,1,1
France,Born On The Bayou,1,1
France,Breakthru,1,1
France,Body Count,1,1
France,Body Count's In The House,1,1
France,Dazed and Confused,1,1
France,De Ja Vu,1,1
France,Die Walküre: The Ride of the Valkyries,1,1
France,Don't Go Back To Rockville,1,1
France,Do You Have Other Loves?,1,1
France,Do You Like The Way,1,1
France,E.S.P.,1,1
France,Easy,1,1
France,Drum Boogie,1,1
France,Commotion,1,1
France,Como É Duro Trabalhar,1,1
France,Começaria Tudo Outra Vez,1,1
France,Commercial 2,1,1
France,Com Açúcar E Com Afeto,1,1
France,C'Mon Everybody,1,1
France,City Of Blinding Lights,1,1
France,Corduroy,1,1
France,Comportamento Geral,1,1
France,Compulsion,1,1
France,Country Feedback,1,1
France,Crossroads,1,1
France,Caprichosos,1,1
Germany,Eruption,2,1
Germany,The Number Of The Beast,2,1
Germany,The More I See,1,3
Germany,The Ides Of March,1,3
Germany,The Four Horsemen,1,3
Germany,The Trooper,1,3
Germany,The Prophecy,1,3
Germany,Tuesday's Gone,1,3
Germany,Two Steps Behind [Acoustic Version],1,3
Germany,Tommy Gun,1,3
Germany,Title Song,1,3
Germany,Summer Love,1,3
Germany,Straight Out Of Line,1,3
Germany,Still Life,1,3
Germany,Stone Crazy,1,3
Germany,Susie Q,1,3
Germany,Sure Know Something,1,3
Germany,Swing Low Sweet Chariot,1,3
Germany,Tatuagem,1,3
Germany,Tanto Tempo,1,3
Germany,The Alchemist,1,3
Germany,You Shook Me(2),1,3
Germany,You Can't Do it Right (With the One You Love),1,3
Germany,World Wide Suicide,1,3
Germany,Year to the Day,1,3
Germany,Whiplash,1,3
Germany,When My Left Eye Jumps,1,3
Germany,We're Gonna Groove,1,3
Germany,Vôo Sobre o Horizonte,1,3
Germany,Violent Pornography,1,3
Germany,Walking After You,1,3
Germany,Unfinished Business,1,3
Germany,Untitled,1,3
Germany,Until It Sleeps,1,3
Germany,Under Pressure,1,3
Germany,Nobody Knows You When You're Down & Out,1,3
Germany,No One Came,1,3
Germany,Nem Um Dia,1,3
Germany,Nervosa,1,3
Germany,Nothing to Hide,1,3
Germany,Nothingman,1,3
Germany,Nothin' To Lose,1,3
Germany,Oceano,1,3
Germany,Midnight From The Inside Out,1,3
Germany,Miracle To Me,1,3
Germany,Meu Guarda-Chuva,1,3
Germany,Murders In The Rue Morgue,1,3
Germany,Pristina,1,3
Germany,Proud Mary,1,3
Germany,Phantom Of The Opera,1,3
Germany,Plot 180,1,3
Germany,Outbreak,1,3
Germany,One I Want,1,3
Germany,Paths Of Glory,1,3
Germany,Out On The Tiles,1,3
Germany,Over And Out,1,3
Germany,Ozone Baby,1,3
Germany,Remedy,1,3
Germany,Restless and Wild,1,3
Germany,Right Now,1,3
Germany,Ramshackle Man,1,3
Germany,Radio GA GA,1,3
Germany,Re-Align,1,3
Germany,Run Silent Run Deep,1,3
Germany,RV,1,3
Germany,Rock Of Ages,1,3
Germany,She Loves Me Not,1,3
Germany,Since I've Been Loving You,1,3
Germany,Sítio Do Pica-Pau Amarelo,1,3
Germany,Snowblind,1,3
Germany,Slowness,1,3
Germany,Sonifera Ilha,1,3
Germany,Soldier Side - Intro,1,3
Germany,Space Truckin',1,3
Germany,Down By The Seaside,1,3
Germany,Drifter,1,3
Germany,Die Die My Darling,1,3
Germany,Distractions,1,3
Germany,Disenchanted Lullaby,1,3
Germany,Dazed and Confused,1,3
Germany,Dancing In The Street,1,3
Germany,Dark Corners,1,3
Germany,Damage Case,1,3
Germany,Cure,1,3
Germany,Caffeine,1,3
Germany,"Bye, Bye Brasil",1,3
Germany,Can't Keep,1,3
Germany,Creep,1,3
Germany,Cornucopia,1,3
Germany,Come Fly With Me,1,3
Germany,Boogie With Stu,1,3
Germany,Blood Brothers,1,3
Germany,Bron-Y-Aur Stomp,1,3
Germany,Bumbo Da Mangueira,1,3
Germany,Boris The Spider,1,3
Germany,Atras Da Porta,1,3
Germany,Azul,1,3
Germany,Balls to the Wall,1,3
Germany,Back in the Village,1,3
Germany,Beach Sequence,1,3
Germany,Before You Accuse Me,1,3
Germany,Beira Mar,1,3
Germany,Big Wave,1,3
Germany,Big Machine,1,3
Germany,Bell Bottom Blues,1,3
Germany,Amanhã Não Se Sabe,1,3
Germany,Alberta,1,3
Germany,Álibi,1,3
Germany,All Star,1,3
Germany,Afraid To Shoot Strangers,1,3
Germany,A Touch Away,1,3
Germany,Açai,1,3
Germany,01 - Prowler,1,3
Germany,A Day In the Life,1,3
Germany,God Of Thunder,1,3
Germany,Going To California,1,3
Germany,Hush,1,3
Germany,I Need Love,1,3
Germany,I Still Haven't Found What I'm Looking for,1,3
Germany,"Hey, Johnny Park!",1,3
Germany,Hots On For Nowhere,1,3
Germany,Freedom For My People,1,3
Germany,Genesis,1,3
Germany,First Time I Met The Blues,1,3
Germany,Flor De Lis,1,3
Germany,For Your Life,1,3
Germany,Faceless,1,3
Germany,Fear Is The Key,1,3
Germany,Feel Your Love Tonight,1,3
Germany,Eu E Ela,1,3
Germany,Estrela (Live),1,3
Germany,Everything's Ruined,1,3
Germany,"Exodus, Pt. 1",1,3
Germany,Man With The Woman Head,1,3
Germany,Make Me Believe,1,3
Germany,Metal Militia,1,3
Germany,Love Conquers All,1,3
Germany,Iron Maiden,1,3
Germany,Into The Fire,1,3
Germany,I'm Going Slightly Mad,1,3
Germany,I Still Love You,1,3
Germany,I Want It All,1,3
Germany,Juazeiro,1,3
Germany,Jump,1,3
Germany,Lavadeira,1,3
Germany,Leandro De Itaquera 2001,1,3
Germany,Let It Grow,1,3
Germany,Laguna Sunrise,1,3
Germany,Lamento De Carnaval,1,3
Germany,Lamento Sertanejo,1,3
Hungary,Last Night On Earth,1,1
Hungary,Let Me Love You Baby,1,1
Hungary,Leave My Girl Alone,1,1
Hungary,King In Crimson,1,1
Hungary,King For A Day,1,1
Hungary,If God Will Send His Angels,1,1
Hungary,It's Too Funky In Here,1,1
Hungary,Machine Men,1,1
Hungary,Miami,1,1
Hungary,Michael's Birthday,1,1
Hungary,Manifest Destiny,1,1
Hungary,Evil Dick,1,1
Hungary,Get Up (I Feel Like Being A) Sex Machine,1,1
Hungary,Here I Go Again,1,1
Hungary,How to Stop an Exploding Man,1,1
Hungary,"All Dead, All Dead",1,1
Hungary,Blow Your Mind,1,1
Hungary,Book Of Thel,1,1
Hungary,Christmas Party,1,1
Hungary,Dirty Little Thing,1,1
Hungary,Diwali,1,1
Hungary,Do You Feel Loved,1,1
Hungary,Soul Education,1,1
Hungary,So Por Amor,1,1
Hungary,Sheer Heart Attack,1,1
Hungary,Seu Balancê,1,1
Hungary,Sangue Latino,1,1
Hungary,Sapopemba e Maxambomba,1,1
Hungary,Out Of Sight,1,1
Hungary,Phyllis's Wedding,1,1
Hungary,O Pulso,1,1
Hungary,Nem 5 Minutos Guardados,1,1
Hungary,The Deeper The Love,1,1
Hungary,The Dundies,1,1
Hungary,The Educated Fool,1,1
Hungary,Too Young To Die,1,1
Hungary,The Man Behind the Curtain,1,1
Hungary,The Long Patrol,1,1
India,The Trooper,1,1
India,The Power Of Equality,1,1
India,True Believers,1,1
India,Trupets Of Jericho,1,1
India,To Tame A Land,1,1
India,The Cut Runs Deep,1,1
India,Texarkana,1,1
India,Stormbringer,1,1
India,Um Love,1,1
India,Um Indio,1,1
India,Up An' Atom,1,1
India,Night Train,1,1
India,No Fundo Do Quintal Da Escola,1,1
India,Pictures Of Home,1,1
India,Pour Some Sugar On Me,1,1
India,Overtime,1,1
India,Pagan Baby,1,1
India,Rock The Casbah,1,1
India,Que Luz É Essa,1,1
India,Rime of the Ancient Mariner,1,1
India,Shock Me,1,1
India,She,1,1
India,Sign Of The Cross,1,1
India,So Central Rain,1,1
India,So What,1,1
India,Cursed Diamonds,1,1
India,"Dois Pra Lá, Dois Pra Cá",1,1
India,Don't Look Now,1,1
India,Don't Look To The Eyes Of A Stranger,1,1
India,Don't Take Your Love From Me,1,1
India,Esporrei Na Manivela,1,1
India,Cigano,1,1
India,"Concerto for Piano No. 2 in F Minor, Op. 21: II. Larghetto",1,1
India,"Concerto No.2 in F Major, BWV1047, I. Allegro",1,1
India,Cotton Fields,1,1
India,Cascades : I'm Not Your Lover,1,1
India,Chaos-Control,1,1
India,Chão De Estrelas,1,1
India,Bop Boogie,1,1
India,Blue Rythm Fantasy,1,1
India,Black Night,1,1
India,Black Satin,1,1
India,Breathe,1,1
India,Brave New World,1,1
India,Before You Accuse Me,1,1
India,Baltar's Escape,1,1
India,Bankrobber,1,1
India,Azul,1,1
India,(White Man) In Hammersmith Palais,1,1
India,Action,1,1
India,Acelerou,1,1
India,Hey America,1,1
India,High Head Blues,1,1
India,Houses Of The Holy,1,1
India,Hot Girl,1,1
India,Groovus Interruptus,1,1
India,Hard To Handle,1,1
India,Get Up Offa That Thing,1,1
India,Gates Of Urizen,1,1
India,Fora Da Ordem,1,1
India,Flash of The Blade,1,1
India,El Farol,1,1
India,Fall On Me,1,1
India,Maria Rosa,1,1
India,Mangueira,1,1
India,Mellowship Slinky In B Major,1,1
India,Love Don't Mean a Thing,1,1
India,Love Of My Life,1,1
India,Lick It Up,1,1
India,Lightning Strikes Twice,1,1
India,It's A Man's Man's Man's World,1,1
India,Infeliz Natal,1,1
India,Jeru,1,1
India,Lemon Drop,1,1
Ireland,L'Arc En Ciel De Miles,1,1
Ireland,Jacob's Ladder,1,1
Ireland,Maracatu Atômico [Trip Hop],1,1
Ireland,Etnia,1,1
Ireland,Exodus (Part 2) [Season Finale],1,1
Ireland,Folhas Secas,1,1
Ireland,Hallelujah Here She Comes,1,1
Ireland,Gyroscope,1,1
Ireland,Adrift,1,1
Ireland,...And Found,1,1
Ireland,Amor De Muito,1,1
Ireland,Army Ants,1,1
Ireland,Anything Goes,1,1
Ireland,Babylon,1,1
Ireland,Breakdown,1,1
Ireland,Crossfire,1,1
Ireland,City Of Blinding Lights,1,1
Ireland,Civil War,1,1
Ireland,End Of Romanticism,1,1
Ireland,Don't Cry,1,1
Ireland,Spanish Eyes,1,1
Ireland,Sobremesa,1,1
Ireland,Release,1,1
Ireland,S.O.S.,1,1
Ireland,Sangue De Bairro,1,1
Ireland,Samba Do Lado,1,1
Ireland,Perfect Crime,1,1
Ireland,Perplexo,1,1
Ireland,Poeira,1,1
Ireland,Mofo,1,1
Ireland,Walk On,1,1
Ireland,The 23rd Psalm,1,1
Ireland,The Fly,1,1
Ireland,The Garden,1,1
Ireland,The Whole Truth,1,1
Ireland,The Other 48 Days,1,1
Ireland,The Pilgrim,1,1
Ireland,The Long Con,1,1
Italy,This Is Radio Clash,1,1
Italy,The Crystal Ship,1,1
Italy,"String Quartet No. 12 in C Minor, D. 703 ""Quartettsatz"": II. Andante - Allegro assai",1,1
Italy,You Got Me Rocking,1,1
Italy,Motorbreath,1,1
Italy,Moon Is Up,1,1
Italy,Nico,1,1
Italy,Night Of The Long Knives,1,1
Italy,Não Vou Lutar,1,1
Italy,Promises,1,1
Italy,Princess of the Dawn,1,1
Italy,Palavras,1,1
Italy,San Francisco Bay Blues,1,1
Italy,Roxanne,1,1
Italy,Release,1,1
Italy,Respectable,1,1
Italy,Quase Um Segundo,1,1
Italy,Psychopomp,1,1
Italy,Sleep On The Sidewalk,1,1
Italy,Snowballed,1,1
Italy,Be Aggressive,1,1
Italy,As Tears Go By,1,1
Italy,A Melhor Forma,1,1
Italy,After Midnight,1,1
Italy,32 Dentes,1,1
Italy,Got That Feeling,1,1
Italy,For Those About To Rock (We Salute You),1,1
Italy,Get Out,1,1
Italy,Every Breath You Take,1,1
Italy,"Étude 1, In C Major - Preludio (Presto) - Liszt",1,1
Italy,Fight From The Inside,1,1
Italy,Me Liga,1,1
Italy,Mean Disposition,1,1
Italy,Midlife Crisis,1,1
Italy,Lil' Evil,1,1
Italy,Lonely Stranger,1,1
Italy,Love,1,1
Italy,Last Cup Of Sorrow,1,1
Netherlands,Let Me Love You Baby,1,1
Netherlands,Jump In The Fire,1,1
Netherlands,La Puesta Del Sol,1,1
Netherlands,Just Ain't Good Enough,1,1
Netherlands,Instant Karma,1,1
Netherlands,If You Don't Know Me By Now,1,1
Netherlands,If You Have To Ask,1,1
Netherlands,Fica,1,1
Netherlands,Falamansa Song,1,1
Netherlands,Get On Top,1,1
Netherlands,"Greetings from Earth, Pt. 2",1,1
Netherlands,Água E Fogo,1,1
Netherlands,(Anesthesia) Pulling Teeth,1,1
Netherlands,Anthem,1,1
Netherlands,Avisa,1,1
Netherlands,Desaforo,1,1
Netherlands,Cold Turkey,1,1
Netherlands,Burn Away,1,1
Netherlands,Scratch-N-Sniff,1,1
Netherlands,Quem Mata A Mulher Mata O Melhor,1,1
Netherlands,Right On Time,1,1
Netherlands,Riviera Paradise,1,1
Netherlands,Rock And Roll All Nite,1,1
Netherlands,Sapato 36,1,1
Netherlands,Os Exilados,1,1
Netherlands,"Oh, My Love",1,1
Netherlands,O Braço Da Minha Guitarra,1,1
Netherlands,Virginia Moon,1,1
Netherlands,Under The Bridge,1,1
Netherlands,Underwater Love,1,1
Netherlands,What If I Do?,1,1
Netherlands,"War of the Gods, Pt. 2",1,1
Netherlands,Tear,1,1
Netherlands,This Is The Place,1,1
Netherlands,Times Like These,1,1
Netherlands,Travis Walk,1,1
Netherlands,The Hand of God,1,1
Netherlands,The Last Song,1,1
Norway,Two Fanfares for Orchestra: II. Short Ride in a Fast Machine,1,1
Norway,The Economist,1,1
Norway,"Symphony No. 104 in D Major ""London"": IV. Finale: Spiritoso",1,1
Norway,Um Lugar ao Sol,1,1
Norway,You Shook Me,1,1
Norway,Woman Of The World (Ao Vivo),1,1
Norway,Night Flight,1,1
Norway,Música Urbana 2,1,1
Norway,Pride (In The Name Of Love),1,1
Norway,Plush,1,1
Norway,Saturnine,1,1
Norway,Rock On,1,1
Norway,Safe and Sound,1,1
Norway,Rock & Roll,1,1
Norway,Put The Finger On You,1,1
Norway,"Scheherazade, Op. 35: I. The Sea and Sindbad's Ship",1,1
Norway,Shape of Things to Come,1,1
Norway,Smells Like Teen Spirit (Ao Vivo),1,1
Norway,Stairway To Heaven,1,1
Norway,Something Nice Back Home,1,1
Norway,Canon and Gigue in D Major: I. Canon,1,1
Norway,Call Me a Dog,1,1
Norway,Celebration Day,1,1
Norway,Chega no Suingue,1,1
Norway,Coroné Antonio Bento,1,1
Norway,Din Din Wo (Little Child),1,1
Norway,Disappearing Act,1,1
Norway,Breaking The Rules,1,1
Norway,Bron-Y-Aur Stomp,1,1
Norway,Born To Move,1,1
Norway,Brasil,1,1
Norway,How Many More Times,1,1
Norway,For Your Life,1,1
Norway,Evil Walks,1,1
Norway,Inject The Venom,1,1
Norway,"Jupiter, the Bringer of Jollity",1,1
Norway,Love Rescue Me,1,1
Norway,Living Loving Maid (She's Just A Woman),1,1
Poland,Love Child,1,1
Poland,Maquinarama,1,1
Poland,Leave My Girl Alone,1,1
Poland,Immigrant Song,1,1
Poland,It's Late,1,1
Poland,It's Only Love,1,1
Poland,Evil Ways,1,1
Poland,Finding My Way,1,1
Poland,Flight Of The Rat,1,1
Poland,Get Up,1,1
Poland,Garota Nacional,1,1
Poland,Gatas Extraordinárias,1,1
Poland,Hallowed Be Thy Name,1,1
Poland,Hawkmoon 269,1,1
Poland,Hands All Over,1,1
Poland,Heartbreaker,1,1
Poland,Ava Adore,1,1
Poland,Aeroplane Flies High,1,1
Poland,E.C.T.,1,1
Poland,Eleanor Rigby,1,1
Poland,Comin' Home,1,1
Poland,Cherub Rock,1,1
Poland,Bullet The Blue Sky,1,1
Poland,So Beautiful,1,1
Poland,Shiny Happy People,1,1
Poland,SKA,1,1
Poland,Silver And Gold,1,1
Poland,Radio Song,1,1
Poland,Romance Ideal,1,1
Poland,Saturnine,1,1
Poland,Pretty Noose,1,1
Poland,Não Sei O Que Eu Quero Da Vida,1,1
Poland,With Or Without You,1,1
Poland,"Você Passa, Eu Acho Graça (Ao Vivo)",1,1
Poland,Wake Up Dead Man,1,1
Poland,When Love Comes To Town,1,1
Poland,Strange Kind Of Woman,1,1
Poland,Starburst,1,1
Portugal,Still Loving You,1,1
Portugal,Sweetest Thing,1,1
Portugal,The Fugitive,1,1
Portugal,The Clairvoyant,1,1
Portugal,Thank You,1,1
Portugal,The Wicker Man,1,1
Portugal,The Wanderer,1,1
Portugal,The Star Spangled Banner,1,1
Portugal,The Thin Line Between Love & Hate,1,1
Portugal,Where Eagles Dare,1,1
Portugal,Whiskey In The Jar,1,1
Portugal,Wave (Os Cariocas),1,1
Portugal,War Pigs,1,1
Portugal,Um Amor Puro,1,1
Portugal,Wrathchild,1,1
Portugal,You've Got Another Thing Comin',1,1
Portugal,Mouth To Mouth,1,1
Portugal,Moby Dick,1,1
Portugal,No Futuro,1,1
Portugal,Pride (In The Name Of Love),1,1
Portugal,Planet Home,1,1
Portugal,Pilot,1,1
Portugal,Papeau Nuky Doe,1,1
Portugal,Palco,1,1
Portugal,Santa Clara Clareou,1,1
Portugal,Run To The Hills,1,1
Portugal,Radio Song,1,1
Portugal,Que Luz É Essa,1,1
Portugal,Red House,1,1
Portugal,Red Light,1,1
Portugal,She Wears Black,1,1
Portugal,Sea of Madness,1,1
Portugal,Seconds,1,1
Portugal,Século XXI,1,1
Portugal,Seventh Son of a Seventh Son,1,1
Portugal,Selvagem,1,1
Portugal,Cafezinho,1,1
Portugal,Can I Play With Madness,1,1
Portugal,Caught Somewhere in Time,1,1
Portugal,Comin' Home,1,1
Portugal,Encontrar Alguém,1,1
Portugal,Esporrei Na Manivela,1,1
Portugal,Desire,1,1
Portugal,Deeper Underground,1,1
Portugal,04 - Running Free,1,1
Portugal,2 Minutes To Midnight,1,1
Portugal,Another Life,1,1
Portugal,As Rosas Não Falam (Beth Carvalho),1,1
Portugal,As Profecias,1,1
Portugal,"Always With Me, Always With You",1,1
Portugal,Bark at the Moon,1,1
Portugal,Beautiful Boy,1,1
Portugal,Believer,1,1
Portugal,Helpless,1,1
Portugal,"Greetings from Earth, Pt. 1",1,1
Portugal,God,1,1
Portugal,Give Peace a Chance,1,1
Portugal,I Still Haven't Found What I'm Looking For,1,1
Portugal,Hey Joe,1,1
Portugal,Garota de Ipanema (Dick Farney),1,1
Portugal,For the Greater Good of God,1,1
Portugal,Expresso 2222,1,1
Portugal,Face In The Sand,1,1
Portugal,Iron Man/Children of the Grave,1,1
Portugal,Immigrant Song,1,1
Portugal,Imagine,1,1
Portugal,Lanterna Dos Afogados,1,1
Portugal,Journey To Arnhemland,1,1
Portugal,"Mama, I'm Coming Home",1,1
Portugal,Maluco Beleza,1,1
Portugal,Mama Africa,1,1
Portugal,Magnetic Ocean,1,1
Portugal,Meu Erro,1,1
Portugal,Living Loving Maid (She's Just A Woman),1,1
Portugal,Lilás,1,1
Portugal,Lemon,1,1
Spain,Living On Love,1,1
Spain,Menino De Rua,1,1
Spain,Mãe Terra,1,1
Spain,Jaded,1,1
Spain,Jah Seh No,1,1
Spain,Join Together,1,1
Spain,I'm A Boy,1,1
Spain,J Squared,1,1
Spain,F*Ckin' Up,1,1
Spain,Eu Apenas Queria Que Voçê Soubesse,1,1
Spain,Ghost,1,1
Spain,I Can See For Miles,1,1
Spain,I Can't Explain,1,1
Spain,Gone,1,1
Spain,Hallowed Be Thy Name,1,1
Spain,Basket Case,1,1
Spain,Baba O'Riley,1,1
Spain,Brain Damage,1,1
Spain,Bohemian Rhapsody,1,1
Spain,Arc,1,1
Spain,Elza,1,1
Spain,Crystal Ball,1,1
Spain,Seek & Destroy,1,1
Spain,Somebody To Love,1,1
Spain,River Song,1,1
Spain,Sanctuary,1,1
Spain,Playtime,1,1
Spain,Phantom Lord,1,1
Spain,Primavera,1,1
Spain,Porch,1,1
Spain,Nice Guys Finish Last,1,1
Spain,O Bicho Tá Pregando,1,1
Spain,Nossa Gente (Avisa Là),1,1
Spain,Não Dá Mais Pra Segurar (Explode Coração),1,1
Spain,My Melancholy Blues,1,1
Spain,W.M.A.,1,1
Spain,We Are The Champions,1,1
Spain,The Trooper,1,1
Sweden,Polly,2,1
Sweden,Para Lennon E McCartney,1,2
Sweden,Paisagem Na Janela,1,2
Sweden,O Cidadão Do Mundo,1,2
Sweden,Occupation / Precipice,1,2
Sweden,No More Tears,1,2
Sweden,Sangue Latino,1,2
Sweden,Samba De Orly,1,2
Sweden,Run to the Hills,1,2
Sweden,Querem Meu Sangue,1,2
Sweden,Stairway To Heaven,1,2
Sweden,Sozinho (Hitmakers Classic Mix),1,2
Sweden,Smokin' in The Boys Room,1,2
Sweden,Smells Like Teen Spirit,1,2
Sweden,The Meaning Of The Blues,1,2
Sweden,Toda Cor,1,2
Sweden,Crazy Train,1,2
Sweden,Era Uma Vez,1,2
Sweden,É Fogo,1,2
Sweden,Domingo,1,2
Sweden,Dirty Love,1,2
Sweden,Às Vezes,1,2
Sweden,Apesar De Você,1,2
Sweden,Black Dog,1,2
Sweden,Bem Devagar,1,2
Sweden,I Don't Know,1,2
Sweden,Holiday,1,2
Sweden,Geni E O Zepelim,1,2
Sweden,Flying High Again,1,2
Sweden,Invaders,1,2
Sweden,Idolatrada,1,2
Sweden,Jorge Da Capadócia,1,2
Sweden,Kickstart My Heart,1,2
Sweden,Maracatu Atômico,1,2
Sweden,Mel,1,2
Sweden,Live To Win,1,2
Sweden,Lugar Nenhum,1,2
United Kingdom,Firmamento,2,1
United Kingdom,Fire,1,2
United Kingdom,Feel It,1,2
United Kingdom,Fates Warning,1,2
United Kingdom,Fairies Wear Boots,1,2
United Kingdom,Extraordinary Girl,1,2
United Kingdom,Forgiven,1,2
United Kingdom,Highway Chile,1,2
United Kingdom,Hot Rockin',1,2
United Kingdom,I Can't Remember,1,2
United Kingdom,I Remember California,1,2
United Kingdom,I Know Somethin (Bout You),1,2
United Kingdom,Helpless,1,2
United Kingdom,Guess Who's Back,1,2
United Kingdom,Give Me Novacaine,1,2
United Kingdom,Giz,1,2
United Kingdom,Loving You Sunday Morning,1,2
United Kingdom,Losing My Religion,1,2
United Kingdom,Livre Pra Viver,1,2
United Kingdom,Lord Of The Flies,1,2
United Kingdom,Livin' On The Edge,1,2
United Kingdom,Lixo Do Mangue,1,2
United Kingdom,Ligia,1,2
United Kingdom,Linha Do Equador,1,2
United Kingdom,King Nothing,1,2
United Kingdom,L'Avventura,1,2
United Kingdom,Leila,1,2
United Kingdom,Lazy Gun,1,2
United Kingdom,Let Me Off Uptown,1,2
United Kingdom,Imagine,1,2
United Kingdom,Já Foi,1,2
United Kingdom,Jeito Faceiro,1,2
United Kingdom,Bleeding Me,1,2
United Kingdom,Blind Man,1,2
United Kingdom,Blue Rythm Fantasy,1,2
United Kingdom,Brasília 5:31,1,2
United Kingdom,Boulevard Of Broken Dreams,1,2
United Kingdom,Bring Your Daughter... ...To The Slaughter,1,2
United Kingdom,Aquilo,1,2
United Kingdom,Assaltaram A Gramática,1,2
United Kingdom,Assim Caminha A Humanidade,1,2
United Kingdom,Are We The Waiting,1,2
United Kingdom,2 X 4,1,2
United Kingdom,[Just Like] Starting Over,1,2
United Kingdom,A Cor Do Sol,1,2
United Kingdom,Ain't My Bitch,1,2
United Kingdom,Departure,1,2
United Kingdom,Dança Da Solidão,1,2
United Kingdom,"Dois Pra Lá, Dois Pra Cá",1,2
United Kingdom,Down by the Sea,1,2
United Kingdom,Drum Boogie,1,2
United Kingdom,Condição,1,2
United Kingdom,Cigaro,1,2
United Kingdom,Celebration Day,1,2
United Kingdom,Casa no Campo,1,2
United Kingdom,Childhoods End?,1,2
United Kingdom,Charles Anjo 45,1,2
United Kingdom,The Wrong Child,1,2
United Kingdom,Top O' The Morning To Ya,1,2
United Kingdom,Todo Amor (Asas Da Liberdade),1,2
United Kingdom,The House Jack Built,1,2
United Kingdom,The Unforgiven,1,2
United Kingdom,The Sun Road,1,2
United Kingdom,The Prisoner,1,2
United Kingdom,Thank You,1,2
United Kingdom,That's The Way,1,2
United Kingdom,Tempo Perdido,1,2
United Kingdom,Tempos Modernos,1,2
United Kingdom,Tease Me Please Me,1,2
United Kingdom,Tailgunner,1,2
United Kingdom,Sure Know Something,1,2
United Kingdom,Stone Cold Crazy,1,2
United Kingdom,Waterhole (Expresso Bongo),1,2
United Kingdom,Walter's Walk,1,2
United Kingdom,Whole Lotta Love (Medley),1,2
United Kingdom,Where Eagles Dare,1,2
United Kingdom,Where The River Goes,1,2
United Kingdom,When I Had Your Love,1,2
United Kingdom,Wake Up,1,2
United Kingdom,Vou Pra Ai,1,2
United Kingdom,"Um Amor, Um Lugar",1,2
United Kingdom,Uns Dias,1,2
United Kingdom,Zither,1,2
United Kingdom,Someday Never Comes,1,2
United Kingdom,Segue O Seco,1,2
United Kingdom,Save The Children,1,2
United Kingdom,Sick Again,1,2
United Kingdom,Question!,1,2
United Kingdom,Rag Doll,1,2
United Kingdom,Ram It Down,1,2
United Kingdom,Run Silent Run Deep,1,2
United Kingdom,Sábado A Noite,1,2
United Kingdom,"Sabbath, Bloody Sabbath",1,2
United Kingdom,Ro-Que-Se-Da-Ne,1,2
United Kingdom,Romaria,1,2
United Kingdom,Rock And Roll All Nite,1,2
United Kingdom,Samba Makossa,1,2
United Kingdom,Rollover D.J.,1,2
United Kingdom,Satisfação,1,2
United Kingdom,No Memory,1,2
United Kingdom,No Prayer For The Dying,1,2
United Kingdom,New Test Leper,1,2
United Kingdom,O Último Romântico (Ao Vivo),1,2
United Kingdom,Mr. Cab Driver,1,2
United Kingdom,Midnight,1,2
United Kingdom,Motorbreath,1,2
United Kingdom,Papelão,1,2
United Kingdom,Panis Et Circenses,1,2
United Kingdom,Olodum - Smile (Instrumental),1,2
United Kingdom,Onibusfobia,1,2
United Kingdom,Poor Tom,1,2
United Kingdom,Piece Of Pie,1,2
United Kingdom,Problem Child,1,2
USA,Heaven Can Wait,3,1
USA,Gay Witch Hunt,2,2
USA,Meditação,2,2
USA,Branch Closing,2,2
USA,Peace On Earth,2,2
USA,Música No Ar,2,2
USA,Rehab,2,2
USA,Speed Of Light,2,2
USA,Sun King,2,2
USA,Train In Vain,2,2
USA,Tudo Na Mais Santa Paz,1,11
USA,Two Hearts Beat As One,1,11
USA,Turn The Page,1,11
USA,Twentienth Century Fox,1,11
USA,Todo Mundo Explica,1,11
USA,Trac Trac,1,11
USA,Tradição,1,11
USA,Travis Walk,1,11
USA,The Wait,1,11
USA,The Wicker Man,1,11
USA,These Colours Don't Run,1,11
USA,Toda Cor,1,11
USA,Toda Menina Baiana,1,11
USA,Thief In The Night,1,11
USA,Through The Never,1,11
USA,The Prisoner,1,11
USA,The Passage,1,11
USA,The Thin Line Between Love & Hate,1,11
USA,The Three Sunrises,1,11
USA,The Trooper,1,11
USA,The House Jack Built,1,11
USA,"The Gun On Ice Planet Zero, Pt. 2",1,11
USA,The God That Failed,1,11
USA,The Lemon Song,1,11
USA,The Initiation,1,11
USA,The Invisible Man,1,11
USA,The Job,1,11
USA,"The Living Legend, Pt. 2",1,11
USA,The Morning After,1,11
USA,"The Messiah: Behold, I Tell You a Mystery... The Trumpet Shall Sound",1,11
USA,Stormbringer,1,11
USA,Stuck With Me,1,11
USA,Sting Me,1,11
USA,Still,1,11
USA,Sunshine Of Your Love,1,11
USA,Super Terrorizer,1,11
USA,Sunday Bloody Sunday,1,11
USA,Surrender,1,11
USA,Take the Box,1,11
USA,Symphony No. 2: III. Allegro vivace,1,11
USA,"Symphony No. 3 Op. 36 for Orchestra and Soprano ""Symfonia Piesni Zalosnych"" \ Lento E Largo - Tranquillissimo",1,11
USA,Sweetest Thing,1,11
USA,Sweethearts Together,1,11
USA,"Symphonie Fantastique, Op. 14: V. Songe d'une nuit du sabbat",1,11
USA,Tea For One,1,11
USA,Tears Dry On Their Own,1,11
USA,Tears In Heaven,1,11
USA,Tanto Tempo,1,11
USA,Tarde Em Itapoã,1,11
USA,Take The Power,1,11
USA,Ten Years Gone,1,11
USA,Tempo Rei,1,11
USA,Terra,1,11
USA,That's The Way,1,11
USA,The Aftermath,1,11
USA,The Convention,1,11
USA,The Convict,1,11
USA,The Coup,1,11
USA,The Battle Rages On,1,11
USA,The Carpet,1,11
USA,The Garden,1,11
USA,The First Time,1,11
USA,The Duke,1,11
USA,The Evil That Men Do,1,11
USA,Zooropa,1,11
USA,Zeca Violeiro,1,11
USA,You've Got Another Thing Comin',1,11
USA,Zambação,1,11
USA,Your Time Has Come,1,11
USA,Xote Dos Milagres,1,11
USA,You Oughta Know,1,11
USA,You Really Got Me,1,11
USA,You Keep On Moving,1,11
USA,You Know I'm No Good,1,11
USA,You Know I'm No Good (feat. Ghostface Killah),1,11
USA,Yesterdays,1,11
USA,You Ain't the First,1,11
USA,You Fool No One,1,11
USA,You Better You Bet,1,11
USA,Up Around The Bend,1,11
USA,Until We Fall,1,11
USA,Valentino's,1,11
USA,Um Amor Puro,1,11
USA,Um Jantar Pra Dois,1,11
USA,Você,1,11
USA,Você Fugiu,1,11
USA,Viradouro,1,11
USA,Verdade,1,11
USA,Walk To The Water,1,11
USA,Walkin' Blues,1,11
USA,Walking Into Clarksdale,1,11
USA,When I Look At The World,1,11
USA,When Love & Hate Collide,1,11
USA,When My Left Eye Jumps,1,11
USA,When The Levee Breaks,1,11
USA,When The World Was Young,1,11
USA,When Love Comes To Town,1,11
USA,Where Eagles Dare,1,11
USA,Who Wants To Live Forever,1,11
USA,Wildest Dreams,1,11
USA,Wild Hearted Son,1,11
USA,White Riot,1,11
USA,Wherever You May Go,1,11
USA,Walking Wounded,1,11
USA,War (The Process),1,11
USA,Welcome Home (Sanitarium),1,11
USA,Whatsername,1,11
USA,Star A.D.,1,11
USA,Spirit Walker,1,11
USA,Spoonman,1,11
USA,Sometimes I Feel Like Screaming,1,11
USA,Sozinho,1,11
USA,Sozinho (Caêdrum 'n' Bass),1,11
USA,Slug,1,11
USA,So Central Rain,1,11
USA,Só Tinha De Ser Com Você,1,11
USA,So What,1,11
USA,Soldado Da Paz,1,11
USA,Solo-Panhandler,1,11
USA,Some Kind Of Monster,1,11
USA,Some Unholy War,1,11
USA,Signe,1,11
USA,Show Me How to Live (Live at the Quart Festival),1,11
USA,She,1,11
USA,Sex Type Thing,1,11
USA,Shoot Me Again,1,11
USA,Say Hello 2 Heaven,1,11
USA,Saudosismo,1,11
USA,Scar On the Sky,1,11
USA,Se Liga,1,11
USA,Sem Essa de Malandro Agulha,1,11
USA,Seven Minutes to Midnight,1,11
USA,Refazenda,1,11
USA,"Requiem, Op.48: 4. Pie Jesu",1,11
USA,Réu Confesso,1,11
USA,Ramble On,1,11
USA,Real Love,1,11
USA,Rappers Reais,1,11
USA,Rasul,1,11
USA,Razor,1,11
USA,Question!,1,11
USA,Radio Free Aurope,1,11
USA,Puteiro Em João Pessoa,1,11
USA,Prowler,1,11
USA,Santo Antonio,1,11
USA,Samba De Orly,1,11
USA,Samba Do Jato,1,11
USA,Salve Nossa Senhora,1,11
USA,Rock Das Aranhas (Ao Vivo) (Live),1,11
USA,Rock 'N' Roll Music,1,11
USA,Romaria (Renato Teixeira),1,11
USA,Romance Ideal,1,11
USA,Rocket Queen,1,11
USA,Safety Training,1,11
USA,Run To The Hills,1,11
USA,Run To The Hilss,1,11
USA,Running Free,1,11
USA,Música De Trabalho,1,11
USA,My Friend Of Misery,1,11
USA,My Hero,1,11
USA,My Kind Of Town,1,11
USA,Mr. Crowley,1,11
USA,Muita Bobeira,1,11
USA,Naked In The Rain,1,11
USA,Não Quero Dinheiro,1,11
USA,Nebulosa Do Amor,1,11
USA,Nefertiti,1,11
USA,Momentos Que Marcam,1,11
USA,Money,1,11
USA,Moon germs,1,11
USA,Midnight Cowboy,1,11
USA,Millenium,1,11
USA,Minha Historia,1,11
USA,Minha Namorada,1,11
USA,Mistério da Raça,1,11
USA,Mis Penas Lloraba Yo (Ao Vivo) Soy Gitano (Tangos),1,11
USA,O Que Será (À Flor Da Terra),1,11
USA,O Dia Em Que A Terra Parou,1,11
USA,O Pulso,1,11
USA,O Livro Dos Dias,1,11
USA,Norwegian Wood,1,11
USA,Nothing Else Matters,1,11
USA,Not The Doctor,1,11
USA,O Boto (Bôto),1,11
USA,O Beco,1,11
USA,Now You're Gone,1,11
USA,Nothing To Say,1,11
USA,Nice Guys Finish Last,1,11
USA,New Year's Day,1,11
USA,New York,1,11
USA,"New York, New York",1,11
USA,Neworld,1,11
USA,Nega Do Cabelo Duro,1,11
USA,No No No,1,11
USA,Nobody's Home,1,11
USA,No Quarter,1,11
USA,No Way Back,1,11
USA,Pela Luz dos Olhos Teus (Miúcha e Tom Jobim),1,11
USA,Pensamento,1,11
USA,Perfect Circle,1,11
USA,Phantom Lord,1,11
USA,Phyllis's Wedding,1,11
USA,"Piano Sonata No. 14 in C Sharp Minor, Op. 27, No. 2, ""Moonlight"": I. Adagio sostenuto",1,11
USA,Piece Of Pie,1,11
USA,Pinball Wizard,1,11
USA,Poor Twisted Me,1,11
USA,Ponta de Areia,1,11
USA,Producer's Cut: The Return,1,11
USA,Principiando/Decolagem,1,11
USA,Promises,1,11
USA,Primary,1,11
USA,Preciso Apender a Viver Só (Maysa),1,11
USA,"Posso Perder Minha Mulher, Minha Mãe, Desde Que Eu Tenha O Rock And Roll",1,11
USA,Pot-Pourri N.º 2,1,11
USA,Por Causa De Você,1,11
USA,Pretty Noose,1,11
USA,Pretty Persuasion,1,11
USA,Pretty Tied Up,1,11
USA,Only the Good Die Young,1,11
USA,Opachorô (Live),1,11
USA,Orion,1,11
USA,Orientation,1,11
USA,Otay,1,11
USA,Out Of Tears,1,11
USA,Onde Anda Você,1,11
USA,One Man's Meat,1,11
USA,Old Love,1,11
USA,On Mercury,1,11
USA,Odara,1,11
USA,Of Wolf And Man,1,11
USA,Papa's Got A Brand New Bag Pt.1,1,11
USA,Panama,1,11
USA,Paradise City,1,11
USA,Palavras Ao Vento,1,11
USA,Padre Cícero,1,11
USA,Paint It Black,1,11
USA,Overdrive,1,11
USA,Outshined,1,11
USA,Bowels Of The Devil,1,11
USA,Bored To Tears,1,11
USA,Bumbo Da Mangueira,1,11
USA,Breakdown,1,11
USA,Bring Me Your Cup,1,11
USA,Blood Brothers,1,11
USA,Blood In The Wall,1,11
USA,Boogie Blues,1,11
USA,Body Count Anthem,1,11
USA,Blitzkrieg,1,11
USA,Black Hole Sun,1,11
USA,Black Moon Creeping,1,11
USA,Bem Devagar,1,11
USA,Berimbau,1,11
USA,Better Than You,1,11
USA,Believe,1,11
USA,Back to Black,1,11
USA,Back Door Man,1,11
USA,Back from Vacation,1,11
USA,B.Y.O.B.,1,11
USA,Atrás Da Verd-E-Rosa Só Não Vai Quem Já Morreu,1,11
USA,Attitude,1,11
USA,Basket Case,1,11
USA,Bass Trap,1,11
USA,"Bad, Bad Leroy Brown",1,11
USA,Battery,1,11
USA,"Battlestar Galactica, Pt. 1",1,11
USA,"Baltimore, DC",1,11
USA,Bad Moon Rising,1,11
USA,Ain't Talkin' 'bout Love,1,11
USA,Age Of Innocence,1,11
USA,Agora Que O Dia Acordou,1,11
USA,Advance Romance,1,11
USA,"A Midsummer Night's Dream, Op.61 Incidental Music: No.7 Notturno",1,11
USA,A Twist In The Tail,1,11
USA,Açai,1,11
USA,Abrir A Porta,1,11
USA,Aces High,1,11
USA,Achilles Last Stand,1,11
USA,Acrobat,1,11
USA,A Melhor Forma,1,11
USA,A Novidade (Live),1,11
USA,A Paz,1,11
USA,A Festa Do Santo Reis,1,11
USA,A Kind Of Magic,1,11
USA,"A Benihana Christmas, Pts. 1 & 2",1,11
USA,[Untitled],1,11
USA,"""?""",1,11
USA,05 - Phantom of the Opera,1,11
USA,14 Years,1,11
USA,Assum Preto,1,11
USA,Astronomy,1,11
USA,As We Sleep,1,11
USA,Ashes To Ashes,1,11
USA,Another One Bites The Dust,1,11
USA,Animal,1,11
USA,"Anyway, Anyhow, Anywhere",1,11
USA,Amazing,1,11
USA,American Idiot,1,11
USA,Amy Amy Amy (Outro),1,11
USA,Angel Of Harlem,1,11
USA,All Within My Hands,1,11
USA,All Night Thing,1,11
USA,Children of the Damned,1,11
USA,Chains Of Misery,1,11
USA,Changes,1,11
USA,Carta Ao Tom 74,1,11
USA,Caras Como Eu,1,11
USA,Carnival Of Sorts,1,11
USA,Carol,1,11
USA,Catch-22,1,11
USA,Can I Play With Madness,1,11
USA,Camisa Verde 2001,1,11
USA,Can't Stand Losing You,1,11
USA,Can't Stop,1,11
USA,Can't Stop Loving You,1,11
USA,Caleidoscópio,1,11
USA,By The Way,1,11
USA,Bye Bye Blackbird,1,11
USA,Children Of The Grave,1,11
USA,Clash City Rockers,1,11
USA,Colibri,1,11
USA,Compadre,1,11
USA,Company Man,1,11
USA,Communication Breakdown,1,11
USA,Construção / Deus Lhe Pague,1,11
USA,Copacabana (Live),1,11
USA,Coração De Estudante,1,11
USA,Coração do Agreste (Fafá de Belém),1,11
USA,Cornucopia,1,11
USA,Corinna,1,11
USA,Creeping Death,1,11
USA,"Crossroads, Pt. 1",1,11
USA,Duende,1,11
USA,Eclipse Oculto,1,11
USA,Edie (Ciao Baby),1,11
USA,Entre E Ouça,1,11
USA,Epic,1,11
USA,End Of Romanticism,1,11
USA,Enter 77,1,11
USA,Don't Damn Me,1,11
USA,Down On The Corner,1,11
USA,Dream Of Mirrors,1,11
USA,Drowning Man,1,11
USA,Doesn't Remind Me,1,11
USA,Don't Take Your Love From Me,1,11
USA,Don't You Cry,1,11
USA,Double Talkin' Jive,1,11
USA,Don't Look To The Eyes Of A Stranger,1,11
USA,Don't Stand so Close to Me,1,11
USA,Dancing Barefoot,1,11
USA,Dandelion,1,11
USA,Deixa,1,11
USA,Dead Horse,1,11
USA,De Ouro E Marfim (Live),1,11
USA,Dazed and Confused,1,11
USA,Desire,1,11
USA,Dezesseis,1,11
USA,Diversity Day,1,11
USA,Divirta-Se (Saindo Da Sua),1,11
USA,Maybe I'm A Leo,1,11
USA,Me & Mr. Jones,1,11
USA,Meet Kevin Johnson,1,11
USA,Mel,1,11
USA,Menestrel Das Alagoas,1,11
USA,Midlife Crisis,1,11
USA,"Metopes, Op. 29: Calypso",1,11
USA,Metrô. Linha 743,1,11
USA,Message in a Bottle (new classic rock mix),1,11
USA,Maria Maria,1,11
USA,Maria,1,11
USA,"Maria, Maria",1,11
USA,Mas Que Nada,1,11
USA,Macy's Day Parade,1,11
USA,Malpractice,1,11
USA,Linha Do Horizonte,1,11
USA,Levada do Amor (Ailoviu),1,11
USA,Lonely Stranger,1,11
USA,Living On Love,1,11
USA,Living In America,1,11
USA,Little Guitars (Intro),1,11
USA,Longview,1,11
USA,"Lost Planet of the Gods, Pt. 2",1,11
USA,Lost Survival Guide,1,11
USA,Loud Love,1,11
USA,Low Man's Lyric,1,11
USA,Lugar Nenhum,1,11
USA,Love Is Strong,1,11
USA,J Squared,1,11
USA,Iron Maiden,1,11
USA,Intro / Stronger Than Me,1,11
USA,Is This Love (Live),1,11
USA,It Ain't Like That,1,11
USA,Ito Okashi,1,11
USA,I Want To Break Free,1,11
USA,In Your Honor,1,11
USA,Indios,1,11
USA,Layla,1,11
USA,Lay Down Sally,1,11
USA,Last Cup Of Sorrow,1,11
USA,L'Arc En Ciel De Miles,1,11
USA,Lamento De Carnaval,1,11
USA,Lament,1,11
USA,King Of Dreams,1,11
USA,King Of Pain,1,11
USA,Know Your Rights,1,11
USA,King For A Day,1,11
USA,Jerusalem,1,11
USA,Geek Stink Breath,1,11
USA,Genghis Khan,1,11
USA,Geni E O Zepelim,1,11
USA,Get Off Of My Cloud,1,11
USA,Get On The Snake,1,11
USA,Gates Of Tomorrow,1,11
USA,Garden of Eden,1,11
USA,Friends,1,11
USA,From Here To Eternity,1,11
USA,Futureal,1,11
USA,Formigueiro,1,11
USA,Formosa,1,11
USA,Free Me,1,11
USA,Fortuneteller,1,11
USA,Flying High Again,1,11
USA,For the Greater Good of God,1,11
USA,For Whom The Bell Tolls,1,11
USA,F**k Me Pumps,1,11
USA,"Exodus, Pt. 2",1,11
USA,Exploder,1,11
USA,Exposé,1,11
USA,Evil Woman,1,11
USA,Esquinas,1,11
USA,Esse Cara,1,11
USA,Estranged,1,11
USA,Everlasting Love,1,11
USA,Eu Também Quero Beijar,1,11
USA,Eu Vim Da Bahia - Live,1,11
USA,Even Better Than The Real Thing,1,11
USA,Faixa Amarela,1,11
USA,Fade To Black,1,11
USA,Falar A Verdade,1,11
USA,Fascinação,1,11
USA,Fast And Loose,1,11
USA,Felicidade Urgente,1,11
USA,Heart Of Gold,1,11
USA,Headspace,1,11
USA,Hemp Family,1,11
USA,Heaven Coming Down,1,11
USA,Halloween,1,11
USA,Gyroscope,1,11
USA,Hallelujah Here She Comes,1,11
USA,Hang 'Em High,1,11
USA,He Can Only Hold Her,1,11
USA,Harvester Of Sorrow,1,11
USA,Give Me Novacaine,1,11
USA,Gimmie Shelters,1,11
USA,Ghost Of The Navigator,1,11
USA,Going Down / Highway Star,1,11
USA,Gostava Tanto De Você,1,11
USA,I Could Have Lied,1,11
USA,I Fucking Hate You,1,11
USA,I Can't Quit You Baby,1,11
USA,I Can't Quit You Baby(2),1,11
USA,Hysteria,1,11
USA,House of the Rising Sun,1,11
USA,Homely Girl,1,11
USA,Homem Primata,1,11
USA,Hooked Up,1,11
USA,Hit The Lights,1,11
USA,Holier Than Thou,1,11
USA,Holy Smoke,1,11
USA,Home Sick Home,1,11
USA,Hey America,1,11
USA,Hey Cisco,1,11
USA,Hey Hey,1,11
USA,High Ball Shooter,1,11
